{
  "platt_a": 0.419,
  "platt_b": -1.1473,
  "method": "platt_logistic",
  "brier_raw": 0.27052,
  "brier_cal": 0.20367,
  "n_samples": 28315,
  "generated_at": "2026-05-13T02:14:46.613090+00:00",
  "bucket_win_rates": {
    "0.48\u20130.52": 0.2797,
    "0.55\u20130.58": 0.2929,
    "0.52\u20130.55": 0.2858,
    "0.58\u20130.62": 0.2855,
    "0.62\u20130.66": 0.2852,
    "0.66\u20130.70": 0.2879,
    "0.70+": 0.3206
  }
}